-- phpMyAdmin SQL Dump
-- version 3.5.1
-- http://www.phpmyadmin.net
--
-- Хост: 127.0.0.1
-- Время создания: Сен 28 2022 г., 21:55
-- Версия сервера: 5.5.25
-- Версия PHP: 5.3.13

SET SQL_MODE="NO_AUTO_VALUE_ON_ZERO";
SET time_zone = "+00:00";


/*!40101 SET @OLD_CHARACTER_SET_CLIENT=@@CHARACTER_SET_CLIENT */;
/*!40101 SET @OLD_CHARACTER_SET_RESULTS=@@CHARACTER_SET_RESULTS */;
/*!40101 SET @OLD_COLLATION_CONNECTION=@@COLLATION_CONNECTION */;
/*!40101 SET NAMES utf8 */;

--
-- База данных: `shop`
--

-- --------------------------------------------------------

--
-- Структура таблицы `kategory`
--

CREATE TABLE IF NOT EXISTS `kategory` (
  `idK` int(11) NOT NULL AUTO_INCREMENT,
  `nazK` varchar(30) NOT NULL,
  `idM` int(11) NOT NULL,
  PRIMARY KEY (`idK`)
) ENGINE=InnoDB  DEFAULT CHARSET=utf8 AUTO_INCREMENT=18 ;

--
-- Дамп данных таблицы `kategory`
--

INSERT INTO `kategory` (`idK`, `nazK`, `idM`) VALUES
(1, 'Angry Vape', 1),
(2, 'Atmose', 1),
(3, 'Atmose Mashera', 1),
(4, 'Комплекты', 2),
(5, 'Батарейные блоки', 2),
(6, 'Мехмоды', 2),
(7, 'Дрипки RDA', 3),
(8, 'Баки RTA', 3),
(9, 'Дрипокобаки RDTA', 3),
(10, 'Аккумуляторы', 4),
(11, 'Зарядные устройства', 4),
(12, 'Испарители', 4),
(15, 'Aviator', 1),
(17, 'Dabbler', 1);

-- --------------------------------------------------------

--
-- Структура таблицы `menu`
--

CREATE TABLE IF NOT EXISTS `menu` (
  `idM` int(11) NOT NULL AUTO_INCREMENT,
  `nazM` varchar(50) NOT NULL,
  PRIMARY KEY (`idM`)
) ENGINE=InnoDB  DEFAULT CHARSET=utf8 AUTO_INCREMENT=5 ;

--
-- Дамп данных таблицы `menu`
--

INSERT INTO `menu` (`idM`, `nazM`) VALUES
(1, 'Жидкости'),
(2, 'Девайсы'),
(3, 'Атомайзеры'),
(4, 'Аксессуары');

-- --------------------------------------------------------

--
-- Структура таблицы `tovar`
--

CREATE TABLE IF NOT EXISTS `tovar` (
  `idT` int(11) NOT NULL AUTO_INCREMENT,
  `idK` int(11) NOT NULL,
  `nazT` varchar(100) NOT NULL,
  `datPost` date NOT NULL,
  `priceProd` int(11) NOT NULL,
  `opisanie` varchar(10000) NOT NULL,
  `photoT` varchar(50) NOT NULL,
  PRIMARY KEY (`idT`)
) ENGINE=InnoDB  DEFAULT CHARSET=utf8 AUTO_INCREMENT=76 ;

--
-- Дамп данных таблицы `tovar`
--

INSERT INTO `tovar` (`idT`, `idK`, `nazT`, `datPost`, `priceProd`, `opisanie`, `photoT`) VALUES
(1, 4, 'Комплект Eleaf IJust S (Silver)', '2017-04-01', 2500, 'Компания Eleaf подтвердила свой статус производителя, ориентированного как на искушенного пользователя, так и на новичка. Линейка IJust пополнилась впечатляющей новинкой. Модель Eleaf IJust S вышла в отличной комплектации. За отличную цену можно получить аккумулятор, клиромайзер с испарителем, два испарителя Head 0,18 и 0,5 Ом, кольцо для регулировки обдува, кабель USB. IJust S купить можно в стильном и универсальном цвете Silver. Основной материал комплекта – высококачественная нержавеющая сталь.     ', '21.jpg'),
(2, 4, 'Комплект Eleaf IJust 2 (Silver)', '2017-03-03', 1200, 'Комплект Eleaf IJust 2 отлично подойдет начинающим вейперам, ценящим комфорт и простоту использования. Устройство имеет удобную функцию перезарядки с защитой от экстремально низкого заряда. Встроенная опция предотвращения коротких замыканий обеспечит полную безопасность использования. IJust 2 купить стоит ради уникально чистой вкусопередачи. Наслаждаться процессом как можно дольше поможет емкая батарея размером 2600 единиц. В комплекте есть двухспиральный испаритель, дополненный атомайзером с баком размером 5,5 ml.', '211.jpg'),
(3, 17, 'Жидкость Beast Eliquids – Tygr Spit 60 мл 3 мг', '2017-04-11', 300, 'Cпелый свежевыжатый мандарин, охлаждённый до совершенства. Содержание VG/PG — 60/40', '15.png'),
(4, 10, 'Аккумулятор Efest IMR18650 2500mah-35A EF-2500', '2017-04-03', 450, 'Аккумулятор к модам и варивольтам Efest IMR 18650 (2500mAh) - это прекрасный аккумулятор для мощных варивольтов/вариваттов и механических модов.  Отличная токоотдача 35 А позволяет работать на любых устройствах.', '41.jpg'),
(5, 9, 'Бакомайзер Smok TFV12 (7-colors)', '2017-04-01', 2250, 'TFV12 стал больше, вместительнее и мощнее, что говорят его цифры в характеристиках: вес 90,5 грамм, диаметр стекла 27 мм, диаметр самого устройства 25 мм, высота 70 мм. В связи с приличными размерами устройства, вместимость жидкости стало аж 6 мл, заправка атомайзера как уже фишка линейки TFV это специальный замок на котором держится верхняя крышка с дрип-типом.', '335.jpg'),
(6, 1, 'Жидкость Angry Vape John Kettle 1.5 мг', '2017-04-12', 250, 'Насыщенный вкус ароматного черного чая, с добавлением дольки лимона, для свежести.', '11.jpg'),
(7, 2, 'Жидкость Atmose Mint Party 0 мг', '2017-04-12', 250, 'Самый потрясающий вкус из детства, тот самый желанный TIC TAC, отличная свежесть и приятное послевкусие.', '12.jpg'),
(8, 3, 'Жидкость Atmose Mashera Chastener 0 мг', '2017-04-12', 300, 'Карамельное капучино с нотками ванили.', '13.png'),
(9, 15, 'Жидкость Aviator Peach Swoop 1.5 мг', '2017-04-12', 200, 'Нежнейший йогурт, кружащий в вираже с кусочками персика.', '14.jpg'),
(11, 5, 'Батарейный мод Wismec RX2/3 (Black)', '2017-04-12', 2590, 'Wismec RX 2/3 является продолжателем популярнейшей серии боксов Reuleaux. Главным и прорывным отличием новинки от других продуктов компании является наличие разных сменных крышек для аккумуляторов, которые позволяют установить в Wismec RX 2/3 два или три аккумулятора.', '22.jpg'),
(12, 5, 'Батарейный мод Wismec RX2/3 (Grey)', '2017-04-12', 2590, 'Wismec RX 2/3 является продолжателем популярнейшей серии боксов Reuleaux. Главным и прорывным отличием новинки от других продуктов компании является наличие разных сменных крышек для аккумуляторов, которые позволяют установить в Wismec RX 2/3 два или три аккумулятора.', '221.jpg'),
(13, 6, 'Мехмод Wismec Noisy Cricket II', '2017-04-12', 1890, 'Wismec Noisy Cricket - простейший механический мод без электроники, предназначеный для использования с двумя аккумуляторными батареями стандарта 18650 в последовательном соединении, что даёт возможность использовать тяжелые намотки и намотки из толстой проволоки, не работающие на однобатареечных батарейных блоках. Фактически Noisy Cricket является прогрессией всем известного мода SMPL от компании Wismec.', '23.jpg'),
(14, 6, 'Комплект мехмод IJOY RDTA Clone (Черный)', '2017-04-12', 1999, 'Наверняка многие уже слышали о Limitless RDTA – дрипке, с приделанным к ней снизу баком на 4 мл. технологии позволили шагнуть так далеко вперед, а прагматичность позволила выпустить целый стартовый набор – Limitless Kit – мехмод Limitless и атомайзер Limitless RDTA в одной связке.  Название набора немного противоречивое – мы бы назвали этот набор как угодно, но только не Starter Kit – новичкам управиться с этой связкой будет довольно тяжело. Limitless RDTA  - довольно продвинутые устройство, которое надо уметь намотать и запустить. Среди продвинутых решений – стойки а-ля Velocity, регулируемый боковой обдув, верхне-боковая заправка. Атомайзер рассчитан под сложные намотки, так что любимая новичками параллель здесь будет не к месту – клэптон и его разновидности, а с ними новичку совладать очень непросто.  Винты для зажима спиралей довольно крепкие, выдержат не один месяц активного использования. База Limitless – это, собственно, не база в полном смысле этого слова. Можно сказать, что это генезис, со стойками Velocity, рассчитанный под порнокойлы. Так что, в роли базы, тут выступает бак на 4 мл, верхняя часть которого представляет из себя, дрипку. Да вы посмотрите сами!', '231.jpg'),
(15, 7, 'Дрипка 528 Goon RDA Clone (Стальной)', '2017-04-16', 590, 'Профессионально созданная дрипка Goon RDA (clone) это мечта любого вейпера, любящего поэкспериментировать с койлами. База оснащена оригинальными стойками, позволяет использовать самые разные намотки. Весь секрет в том, что стойки выполнены в виде небольших прессов. ', '31.jpg'),
(16, 7, 'Дрипка Recoil RDA Clone (Стальной)', '2017-04-16', 590, 'Эта дрипка - совместная разработка знаменитых Grimm Green и Ohm Boy. Парни решили сделать 24-х миллиметровую RDA, которая подошла бы любому вейперу. Сдвоенная плюсовая стойка, минусовые стойки вплавленые в деку, отверстия размером 2,5 мм, обдув спиралей под углом и два кэпа - один для вкуса, второй для облаков! Крутой продукт сделанный вейперами для вейперов!', '311.jpg'),
(17, 7, 'Дрипка Kennedy 25 Clone (Черный)', '2017-04-16', 590, 'Kennedy 25 rda - обновленная версия не уступающая своим и американским традициям, с двумя стойками. Как уже понятно из названия Kennedy стал больше, что конечно же сказалось на удобстве установки спиралей. Да и вообще, все стало больше — и ванночка для жидкости, и дрип-топ. Дрипка поставляется с двумя сменными стойками. А самое интересное заключается в том, что совсем скоро появится несколько вариантов стоек.', '312.jpg'),
(18, 7, 'Дрипка Kennedy 25 Clone (Красный, Медь)', '2017-04-16', 590, 'Kennedy 25 rda - обновленная версия не уступающая своим и американским традициям, с двумя стойками. Как уже понятно из названия Kennedy стал больше, что конечно же сказалось на удобстве установки спиралей. Да и вообще, все стало больше — и ванночка для жидкости, и дрип-топ. Дрипка поставляется с двумя сменными стойками. А самое интересное заключается в том, что совсем скоро появится несколько вариантов стоек.', '313.jpg'),
(19, 7, 'Дрипка Kennedy 24 Clone (Черный)', '2017-04-16', 590, 'Если вы ищете дрипку для самой лучшей вкусопередачи, то атомайзер KENNEDY 24 RDA, безусловно, для вас! Благодаря нижнему обдуву и дополнительным отверстиям, вкус жидкостей передается идеально. Особенностью модели является широкий съемный топкэп. Улучшенная конструкция изделия обеспечивает шикарную тягу, густой пар, а также исключает протечки жидкости. Также дрипка отличается большим объемом, поэтому не нужно будет часто отвлекаться на заправки. ', '314.jpg'),
(20, 8, 'Бакомайзер Smok TFV8 (Silver)', '2017-04-16', 1890, 'TFV8 CLOUD BEAST — супернаваливающий бак от  Smoktech     TFV8 или CLOUD BEAST являет собой рестайлинговый атомайзер серии ТФВ. Бак работает на 4-ех уникальных и запатентованных испарителях или, как их называет сам производитель — «турбо-двигателях»: V8-T8 (6.6T),  V8-Q4 (5.0T), V8-T6 (6.0T), и обслужка V8 RBA (4.0T-X). Они совсем не похожи на предшественников и готовы превратить Smok TFV8 в настоящего «зверя, выпускающего огромные облака пара».', '321.jpg'),
(21, 8, 'Бакомайзер Smok TFV8 (Black)', '2017-04-16', 1890, 'TFV8 CLOUD BEAST — супернаваливающий бак от  Smoktech     TFV8 или CLOUD BEAST являет собой рестайлинговый атомайзер серии ТФВ. Бак работает на 4-ех уникальных и запатентованных испарителях или, как их называет сам производитель — «турбо-двигателях»: V8-T8 (6.6T),  V8-Q4 (5.0T), V8-T6 (6.0T), и обслужка V8 RBA (4.0T-X). Они совсем не похожи на предшественников и готовы превратить Smok TFV8 в настоящего «зверя, выпускающего огромные облака пара».', '322.jpg'),
(22, 8, 'Бакомайзер Smok TFV8 (Gold)', '2017-04-16', 1890, 'TFV8 CLOUD BEAST — супернаваливающий бак от  Smoktech     TFV8 или CLOUD BEAST являет собой рестайлинговый атомайзер серии ТФВ. Бак работает на 4-ех уникальных и запатентованных испарителях или, как их называет сам производитель — «турбо-двигателях»: V8-T8 (6.6T),  V8-Q4 (5.0T), V8-T6 (6.0T), и обслужка V8 RBA (4.0T-X). Они совсем не похожи на предшественников и готовы превратить Smok TFV8 в настоящего «зверя, выпускающего огромные облака пара».', '323.jpg'),
(23, 8, 'Бакомайзер Smok TFV8 (Red)', '2017-04-16', 1890, 'SMOK TFV8 — это вершина строения атомайзеров, которые в первую очередь рассчитаны на эксплуатацию со сменными испарителями. Новейшая модель является флагманом небезызвестной компании SMOK (SmotTech). Компания создала идеальный клиромайзер, который имеет большой резервуар ёмкостью до 6.0 мл полезного объема жидкости, поддерживает большое количество сменных испарителей способных работать на впечатляющей мощности вплоть до 240 Вт. Клиромайзер Smok TFV8 рассчитан на эксплуатацию с батарейными блоками с минимальной мощностью от 80 Вт и ориентирован под кальянный стиль парения. Клиромайзер имеет верхнюю систему заправки с большим и удобным отверстием для заправки жидкости, благодаря которому, сам процесс заправки становится легким и быстрым. Резьба под 510 коннектор позволяет эксплуатировать Smok TFV8 почти на всех популярным моделям боксмодов. В качестве нагревательного элемента используются сменные испарители типа: TFV8-T8, TFV8-T6, TFV8-Q4 и V8 RBA. В комплект входят два испарителя TFV8-T', '324.jpg'),
(24, 8, 'Бакомайзер Smok TVF8 Baby (Black)', '2017-04-16', 1490, 'TFV8 BABY - это уменьшенная версия популярного TFV8 Cloud Beast. К нему подходят сменные испарители Baby-Q2 на две спирали, Baby-T8 на 8 спиралей, а так же опционально есть RBA база - Baby RBA.  Размеры:  Высота — 53 мм. Вес — 47 г.', '325.jpg'),
(25, 9, 'Бакомайзер IJOY Tornado RDTA (Black)', '2017-04-16', 1460, 'Ijoy RDTA Tornado-это мощный бак на 5 мл., создан для воплощения самых грязных желаний в мире вейпинга, этот бачок рассчитывался с возможностью использования на мощностях до 300 W!!.В комплекте к Ijoy Tornado идет обслуживаемая база на 4-ре спирали и возможность приобрести отдельно обслуживаемую базу, на шесть спиралей. Ijoy Tornado создан для энтузиастов которые любят сложные построения и невероятную мощность парения и вещи которые есть у ограниченного круга людей, удобные базы для намотки спиралей, не оставят Вас равнодушными к Tornado и Вы оцените все преимущества мощного, навалистого и невероятно вкусного бака от компании Ijoy которая постаралась воплотить все самые яркие и невероятные желания в своем баке Tornado.', '331.jpg'),
(26, 9, 'Бакомайзер IJOY Tornado RDTA (Silver)', '2017-04-16', 1200, 'Ijoy RDTA Tornado-это мощный бак на 5 мл., создан для воплощения самых грязных желаний в мире вейпинга, этот бачок рассчитывался с возможностью использования на мощностях до 300 W!!.В комплекте к Ijoy Tornado идет обслуживаемая база на 4-ре спирали и возможность приобрести отдельно обслуживаемую базу, на шесть спиралей. Ijoy Tornado создан для энтузиастов которые любят сложные построения и невероятную мощность парения и вещи которые есть у ограниченного круга людей, удобные базы для намотки спиралей, не оставят Вас равнодушными к Tornado и Вы оцените все преимущества мощного, навалистого и невероятно вкусного бака от компании Ijoy которая постаралась воплотить все самые яркие и невероятные желания в своем баке Tornado.', '332.jpg'),
(27, 9, 'Бакомайзер IJOY Limitless Plus (Silver)', '2017-04-16', 1690, 'IJOY Limitless RDTA Plus - обновление детища совместных трудов американской компании Limitless Mods и китайской компании iJoy. Как и первая версия устройства, конструктивно новинка представляет собой "дрипкобак", ярчайшими представителями которых стали GeekVape Avocado и Wismec Theorem. Вся суть идеи дрипкобаков заключается в получении дрип атомайзера с большим резервуаром, чтобы не подливать жидкость каждые несколько затяжек.  Отличия от предыдущей версии устройства:  - диаметр атомайзера вырос и составляет 25 мм против 24 мм. Также выросли габариты по высоте - 61,5 мм против 51,2 мм ранее;  - следствием увеличения габаритов стало увеличение объёма жидкости, способной находиться в баке. Ранее объёмом были скромные 4 мл., теперь бак способен удерживать до 6,3 мл жидкости;  - добавилась заглушка для использования бака в односпиральном режиме;  - добавились разноцветные винты из титана для небольшой кастомизации;  - сами винты сменились с шестигранников на винты под крестовую отвёртку;  ', '333.jpg'),
(28, 9, 'Бакомайзер Geek vape Avocado 24 (Silver)', '2017-04-16', 2450, 'GeekVape Avocado 24 RDTA   Обслуживаемый атомайзер с нижнем расположением бака (стиль Genesis). Данный атомайзер оснащен широкой площадкой под намотки, что позволяет устанавливать Clapton спирали.  ОТЛИЧИТЕЛЬНЫЕ ОСОБЕННОСТИ:  Материал корпуса - нержавеющая сталь Отличная передача вкуса Хорошая защита от протечек Широкая база с Velocity-стойками (расстояние между отверстиями 9мм) Возможность использования как в односпиральном так и в двухспиральном режиме Стойки имеют отверстия 2 мм, что позволяет устанавливать достаточно массивные спирали Кварцевое стекло бака устойчиво к температурным и химическим воздействиям', '334.jpg'),
(32, 1, 'Жидкость Angry Vape David Monkey 1.5 мг', '2017-04-27', 250, 'Апельсин + лесные ягоды.', '111.jpg'),
(33, 1, 'Жидкость Angry Vape Jack Rabbit 1.5 мг', '2017-04-27', 250, 'Леденец с арбузом, дыней и мятой.', '112.jpg'),
(34, 1, 'Жидкость Angry Vape David Monkey 0 мг', '2017-04-27', 250, 'Апельсин + лесные ягоды.', '113.jpg'),
(35, 1, 'Жидкость Angry Vape John Kettle 0 мг', '2017-04-27', 250, 'Насыщенный вкус ароматного черного чая, с добавлением дольки лимона, для свежести.', '114.jpg'),
(36, 2, 'Жидкость Atmose Chifles 3 мг', '2017-04-27', 250, 'Банан, утопающий в кондитерском креме и карамели.', '121.jpg'),
(37, 2, 'Жидкость Atmose Mahorka 3 мг', '2017-04-27', 250, 'Абрикорс', '122.jpg'),
(38, 2, 'Жидкость Atmose Amaru 0 мг', '2017-04-27', 250, 'Потрясающий вкус сладкой жвачки, переполненной свежестью сочных тропических фруктов.', '123.jpg'),
(39, 2, 'Жидкость Atmose Chifles 0 мг', '2017-04-27', 250, 'Банан, утопающий в кондитерском креме и карамели.', '124.jpg'),
(40, 3, 'Жидкость Atmose Mashera Death Mask 1.5 мг', '2017-04-27', 300, 'Черничный взрыв с холодком и нотками малины.', '131.png'),
(41, 3, 'Жидкость Atmose Mashera Chastener 1.5 мг', '2017-04-27', 300, 'Карамельное капучино с нотками ванили.', '132.png'),
(42, 3, 'Жидкость Atmose Mashera Death Mask 0 мг', '2017-04-27', 300, 'Черничный взрыв с холодком и нотками малины.', '133.png'),
(43, 3, 'Жидкость Atmose Mashera Elemental 1.5 мг', '2017-04-27', 300, 'Потрясающий вкус мороженого дополненный легкими нотками ванили.', '134.jpg'),
(45, 15, 'Жидкость Aviator Flakes Bombing 1.5 мг', '2017-04-27', 200, 'Бомбы, начинённые вкуснейшими хлопьями со свежим молоком.', '141.jpg'),
(46, 15, 'Жидкость Aviator Autumn Harvest 0 мг', '2017-04-27', 200, 'Вкус осеннего урожая.', '142.jpg'),
(47, 15, 'Жидкость Aviator Autumn Harvest 3 мг', '2017-04-27', 200, 'Вкус осеннего урожая.', '143.jpg'),
(48, 15, 'Жидкость Aviator Dessert 1.5 мг', '2017-04-27', 200, 'Десерт, от которого ваше настроение поднимется до небес.', '144.jpg'),
(49, 17, 'Жидкость Beast Eliquids – Drgn Spit 60 мл 3 мг', '2017-04-27', 290, 'Огненный дракон фрукт смешанный со свежим киви, и увенчанный мятным холодком. Содержание VG/PG — 60/40', '151.png'),
(50, 17, 'Жидкость Beast Eliquids – Cbra Spit 60 мл 3 мг', '2017-04-27', 290, 'Мощный удар клубники с ментолом. Содержание VG/PG — 60/40', '152.png'),
(51, 17, 'Жидкость Naked - Very Berry 60 мл 3 мг', '2017-04-27', 290, 'Черника, ежевика, лимон. Содержание VG/PG — 60/40', '153.jpg'),
(52, 17, 'Жидкость Naked - Frost Bite 60 мл 3 мг', '2017-04-27', 290, 'Банан, мята, ананас . Содержание VG/PG — 60/40', '154.jpg'),
(53, 4, 'Комплект Smok Alien Kit (Black)', '2017-04-27', 3790, 'Основные характеристики ALIEN 220 MOD:  Размеру: 85*44*28.4 мм Максимальная мощность: 220 Вт Ограничения по сопротивлению: 0.1Ω-3Ω (VW) / 0.06Ω-2Ω (TC) Пределы по температуре: 200℉ – 600℉/100℃ – 315℃ Основные характеристики TFV8 BABY TANK:  Материалы: нержавеющая сталь и Pyrex-стекло Размеры: 22*53 мм Вес: 47 г Объем: 3 мл Коннектор: 510 На наш взгляд, этот комплект сделан для тех, кто не любит слишком массивные девайсы и неказисто торчащие баки. Тут все поменьше, но при этом функционал ни чуть не хуже: мощность большая, хотя и заливать жидкость придется почаще.', '212.jpg'),
(54, 4, 'Комплект Eleaf iStick Pico 75W (Grey)', '2017-04-27', 2150, 'Основные характеристики iStick Pico 75W TC:   Размер: 45мм * 23мм * 70.5мм  Выходная мощность: 1-75W  Режимы работы: VW/Bypass/TC-Ni/TC-Ti/TC-SS316/TCR Mode  Диапазон ТК: 100 - 315°C/ 200 - 600°F  Сопротивление: 0.05 - 1.5ом для TC режима  Сопротивление: 0.1 - 3.5ом для VW/Bypass режима  OLED дисплей  Аккумулятор: 18650 (продается отдельно)  USB порт для зарядки  Обновляемая прошивка  Вентялиционные отверстия для улучшенного рассеивания тепла  Защита от перегрева  Защита от полного разряда  Защита от короткого замыкания Основные характеристики Melo 3 Mini:   Диаметр: 22мм  Длина: 55мм  Коннектор: 510  Объем: 2мл  Материал: нержавеющая сталь  Заправка: верхняя', '213.jpg'),
(55, 4, 'Комплект Wismec RX Mini + Reux Mini (Серый)', '2017-04-27', 2740, 'Компания JayBo создала мини версию предшествующего набора Rx Reux. WISMEC Rxmini с атомайзером Reuxmini является удобным устройством, создающем густые облака ароматного пара и имеет кальянную тягу. Атомайзер Reuxmini имеет объем 2 мл, нижний тип регулированного обдува, верхний способ заправки и изготавливается из качественных материалов. Батарейный мод Rxmini оснащен встроенной аккумуляторной батареей, объемом 2100 мАч, которая выдает 80 Ватт мощности. На боковой панели установлен информационный экран и функциональные кнопки, утопленные в корпус. Заряд осуществляется посредством USB-кабеля. Мод поддерживает режимы работы вариватт, термоконтроль на никеле, титане, нержавейке.  Данный набор очень удобен, т.к. имеет не большие размеры и приятные на ощупь материалы корпуса. Он настроен на генерацию кальянной тяги, но еще его можно использовать как заменитель обычной сигареты.', '214.jpg'),
(56, 5, 'Батарейный мод Fuchai 213W TC (Черный)', '2017-04-27', 2520, 'Sigelei Fuchai 213W TC Box Mod,  Cпособен работать в стандартном режиме VW (до 213 W), в режиме титана, никеля, нержавеющей стали, а также имеет функциональные возможности TCR. Одна из самых новых функций на Sigelei Fuchai 213W - изменение мощности по таймеру, в зависимости от настройки. Эта новая технология добавит еще один уровень настройки, чтобы помочь вам точно настроиться под желаемый результат.  Особенности:     Материал: Алюминиевый сплав  Размер: 88 * 44 * 29мм Экран: 0.91" OLED Диапазон мощности: 10w-213W Диапазон рабочих температур в режимах TC: 100 ℃ -300 ℃ / 200 ℉ -570 ℉ Входное напряжение: 6.4V-8.4V Выходное напряжение: 1.0V-7.5V Выходный максимальный ток: 35A Аккумуляторный отсек: 2 * 18650 Режимы работы: POWER / SS / TI / Ni200 / TCR / TFR Диапазон сопротивления: 0.1Ω-3.0Ω Поддержка Kanthal / TI / NI 200 / SS (304/316/317) TCR / TFR USB: DC 5V / 2A', '222.jpg'),
(57, 5, 'Батарейный мод IJOY Maxo Mod (Черный)', '2017-04-27', 3000, 'IJOY MAXO является первым боксмодом на четырех 18650, два 18650 также поддерживается. Большая автономность, по сравнению с модами на три 18650. Внешний вид можно изменить с помощью кожаных наклеек, различных цветов на выбор. Эргономичный дизайн, одновременно простой и практичной, обеспечивающий комфортное удержание. Простота в использовании меню делает повседневное использование данного устройства более эффективным и результативным, чем когда-либо прежде.', '223.jpg'),
(58, 5, 'Батарейный мод Eleaf iStick 200W (Grey)', '2017-04-27', 2250, 'Eleaf iStick TC 200W - боксмод  Eleaf iStick TC 200W - флагманский боксмод от компании Eleaf,  долго игнорировавшей тренды нынешнего сезона.  Вступая в игру на густонаселенной планете 200Вт устройств,  компания не забыла про фирменный уникальный внешний вид и отличную управляющую электронику в сочетании с мелкими улучшениями, призванными облегчить работу с устройством начинающим пользователям и привнести что-то новое в жизнь опытных парильщиков.', '224.jpg'),
(59, 6, 'Комплект мехмод Subzero Shorty (Синий)', '2017-04-27', 1600, 'Мехмод Subzero Shorty от компании Sub Ohm Innovations. Помимо довольно стандартных решений, таких как медный корпус и 510 коннектор, в этом мехмоде довольно интересно реализована кнопка. Кнопка в Subzero подпружиненная, без фиксации, но пружина не участвует в передаче тока. Пружина лишь прижимает специальную пластину, состоящую из четырех лепестков. Эти лепестки при нажатии кнопки прижимаются к заостренному штырю и к корпусу мехмода. За счет такого решения производитель добился рекордного снижения просадок. Аккумулятор формата 18650 устанавливается сверху, плюсом вниз. За счет такого расположения увеличивается пятно контакта между аккумулятором и модом, что также влияет на общее снижение просадки мехмода. Subzero Shorty способен передать всю мощь вашего аккумулятора на испаритель и подарить вам незабываемые облака пара.', '232.jpg'),
(60, 6, 'Комплект мехмод Rogue (Black)', '2017-04-27', 1590, 'J. Mark designs ROGUE — это простой, производительный и при этом функциональный мод из США. Он не обладает вычурным дизайном, а все самое интересное кроется как раз внутри. Дело в том, что на данный момент это единственный механический мод, который использует в качестве возвратного механизма изолированную пластиком пружину, которая позволяет обезопасить все части кнопки и почти полностью исключить возможные критические ситуации. Ну и «жарит» ROGUE первоклассно — разве это не показатель крутости?', '233.jpg'),
(61, 6, 'Батарейный мод Tesla Invader 3 (Black)', '2017-04-27', 2290, 'Tesla Invader III   Вниманию вейперов, следящих за новинками, представлен отличный батарейный мод Tesla Invader 3. Его главное преимущество – высокая мощность до 240 Вольт. Причем максимальная мощность может быть стабильно использована при низком сопротивлении. Сам корпус очень эргономичный и минималистичный. В своем стандартном цвете Black/White мод выглядит очень стильно и современно. В металлический корпус устанавливается два аккумулятора, которые необходимо приобрести отдельно.', '234.jpg'),
(62, 10, 'Аккумулятор LG HE2', '2017-04-27', 400, 'Аккумулятор к модам и варивольтам LG HE2 18650 (2500mAh, 35А) - высокотоковый.', '411.jpg'),
(63, 10, 'Аккумулятор LG HE4', '2017-04-27', 400, 'Аккумулятор к модам и варивольтам LG  HE4 18650 (2500mAh, 35А) - высокотоковый.', '412.jpg'),
(64, 10, 'Аккумулятор LG HG2', '2017-04-27', 600, 'Аккумулятор LG HG2 был анонсирован в 2014 году, но в продажу поступил летом 2015 года. 20 А, 3000 Mah явился неким Святым Граалем для компании.Высокая ёмкость и хорошая токоотдача это, то ,что нужно каждому пользователю Электронных Модов , каждый найдет в нем то, что искал. Аккумулятор LG HG2 можно рассматривать как обновление своих предшественников LG HE2 и HE4 которые так-же имеют токоотдачу в 20 А , но ёмкость на 500 Mah ниже обновленной модели.', '413.jpg'),
(65, 10, 'Аккумулятор Samsung 25R', '2017-04-27', 400, 'Samsung INR18650-25R 2500mAh - это высокотоковый аккумулятор на безопасной химии INR. При допустимой долговременной нагрузке 20А (80W), обладает сравнительно большой ёмкостью - 2500мАч.', '414.jpg'),
(66, 11, 'Зарядное устройство Nitecore Intellicharger I4', '2017-04-27', 1500, 'Зарядное устройство Nitecore SYSMAX Intellicharger I4 V2 - одна из самых лучших и универсальных устройств для зарядки практически всех литиевых и никель - кадмиевых аккумуляторов. Если у вас есть Nitecore SYSMAX Intellicharger I4 V2 - другие зарядные устройства вам не понадобятся.', '42.jpg'),
(67, 11, 'Зарядное устройство Nitecore D4', '2017-04-27', 1750, 'Новейшее зарядное устройство с дисплеем и автоматическими профилями зарядки.', '421.jpg'),
(68, 11, 'Зарядное устройство Nitecore D2', '2017-04-27', 1040, 'Nitecore D2 универсальное "интеллектуальное" зарядное устройство.  Совместим практически со всеми видами аккумуляторов , тем самым устраняя необходимость использовать разные зарядные устройства для каждого типа элементов питания.  D2 автоматически определяет Li-Ion, Ni-MH и Ni-Cd аккумуляторы, и в ручном режиме может заряжать LiFePO4.  Наличие ЖК дисплея, определение уровня заряда каждого аккумулятора в отдельности, плавная система заряда и автоматическое отключение при полной зарядке аккумуляторов.', '422.jpg'),
(69, 11, 'Зарядное устройство Nitecore New I2', '2017-04-27', 1010, 'Nitecore NEW i2   Это новая версия уже всем известного и хорошо зарекомендовавшего себя зарядного устройства i2. Nitecore NEW i2 может заряжать аккумуляторы с силой тока до 1000мА на один канал и 500мА на два канала. Интегрированный LED - дисплей оповещает об уровне заряда аккумулятора, восстановлении и об ошибках (неправильно установленных элементов питания).', '423.jpg'),
(70, 11, 'Зарядное устройство Efest Luc V6', '2017-04-27', 1999, 'Efest LUC LUC V6 - мощное зарядное устройство нового поколения от компании Efest с возможностью зарядки шести аккумуляторов сразу. Основываясь на успехе BLU6, компания создала новое зарядное устройство на шесть слотов с рядом полезных нововведений, но по более приятной цене. Зарядка может похвастаться удобным мини HD LCD дисплеем, на который выводится вся необходимая информация о статусе процесса заряда. Зарядное устройство автоматически распознает тип установленного аккумулятора и выберет оптимальную конфигурацию для его подзарядки. Дополнительных USB разъём на корпусе зарядного устройства - DC5V / 1A позволяет заряжать внешние устройства от установленных в ЗУ аккумуляторов. Зарядное устройство имеет несколько режимов зарядки: при использовании всех шести слотов ток заряда составит 0.68А, при использовании двух центральных слотов максимальный ток заряда будет равен 2А на каждую из двух ячеек. Присутствует защита от перезаряда, перегрева и переполюсовки аккумуляторов.', '424.jpg'),
(71, 12, 'Обслуживаемый испаритель Eleaf (iJust S/Melo/Melo 2/Melo 3)', '2017-04-27', 300, 'Eleaf iJust 2 / Melo 2 ECR  Сменный обслуживаемый испарительный элемент, который подойдет к атомайзерам iJust 2 и Melo 2 от компании Eleaf. Данный испарительный элемент предназначен для самостоятельной установки пользователем спирали и фитиля, как вертикальной, так и горизонтальной, позволяя полностью контролировать работу вашего атомайзера. Безвинтовая конструкция испарителя призвана максимально упростить процесс установки намотки. В комплекте с испарительным элементом производителем предлагается уже готовая горизонтально-ориентированная намотка с установленным фитилём, сопротивление комплектной намотки составляет 1.0 Ом.  Основные характеристики cменных испарителей Eleaf iJust 2 / Melo 2 ECR:  Сопротивление комплектной спирали: 1.0 Ом; Материал корпуса: нержавеющая сталь; Материал фитиля: органический хлопок; Материал спирали: кантал;  Комплектация:  1 испарительный элемент типа ECR; 1 метр проволоки 0,32 Ni80 (нихром); 1 лист органического хлопка; 1 инструкция; 1 упаковка.', '43.jpg'),
(72, 12, 'Сменный испаритель Eleaf iJust 2 EC (iJust S/Melo/Melo 2/Melo 3) 0,5 Ом', '2017-04-27', 200, 'Сменный испаритель Eleaf EC Head для Ijust2/Melo2 0.5 Ом - великолепная модель, которая представляет собой запатентованный механизм, благодаря которому осуществляется плавный воздушный поток и приятный прохладный пар, при котором вкус не сгорает. Испарители подарят вам отличную вкусопередачу.', '431.jpg'),
(73, 12, 'Сменный испаритель Smok TFV4', '2017-04-27', 600, 'Сменный испаритель для Smok TFV 4 на 4-ре спирали. Сопротивление испарителя составляет 0.15 Ом и рекомендуемая мощность парения от 40 до 140W.', '432.jpg'),
(74, 12, 'Сменный испаритель Eleaf iJust 2 EC (iJust S/Melo/Melo 2/Melo 3) 0,3 Ом', '2017-04-27', 200, 'Испарители Eleaf iJust 2 (5шт) – сменные двухспиральные испарители EC для танка Eleaf iJust 2. Имеют разное сопротивление: 0,3 Ом', '433.jpg'),
(75, 12, 'Сменный испаритель Smok TFV8 Baby Q2', '2017-04-27', 450, 'Этот испаритель даст вам прочувствовать всю глубину и богатство вкуса вашей любимой жидкости Две спирали Рекомендуемая мощность 40-80 Ватт, но лучше всего использовать на 55-65 Ватт', '434.jpg');

-- --------------------------------------------------------

--
-- Структура таблицы `user`
--

CREATE TABLE IF NOT EXISTS `user` (
  `loginU` varchar(20) NOT NULL,
  `passwd` varchar(20) NOT NULL,
  `email` varchar(20) NOT NULL,
  `nameU` varchar(30) NOT NULL,
  `famU` varchar(50) NOT NULL,
  `phone` varchar(12) NOT NULL,
  `datRU` date NOT NULL,
  `status` int(11) NOT NULL DEFAULT '0',
  PRIMARY KEY (`loginU`)
) ENGINE=InnoDB DEFAULT CHARSET=utf8;

--
-- Дамп данных таблицы `user`
--

INSERT INTO `user` (`loginU`, `passwd`, `email`, `nameU`, `famU`, `phone`, `datRU`, `status`) VALUES
('Admin', '12345', 'shop@mail.ru', 'Артём', 'Мельников', '+79877688308', '2015-10-24', 1);

-- --------------------------------------------------------

--
-- Структура таблицы `zakaz`
--

CREATE TABLE IF NOT EXISTS `zakaz` (
  `idZ` int(11) NOT NULL AUTO_INCREMENT,
  `datZ` date NOT NULL,
  `loginU` varchar(20) NOT NULL,
  `addrDost` varchar(100) NOT NULL,
  `phoneDost` varchar(11) NOT NULL,
  `statusZ` int(11) NOT NULL,
  `datPost` date NOT NULL,
  PRIMARY KEY (`idZ`)
) ENGINE=InnoDB  DEFAULT CHARSET=utf8 AUTO_INCREMENT=7 ;

--
-- Дамп данных таблицы `zakaz`
--

INSERT INTO `zakaz` (`idZ`, `datZ`, `loginU`, `addrDost`, `phoneDost`, `statusZ`, `datPost`) VALUES
(2, '2017-04-21', 'Артём', 'гордеевская 18, 23', '89867688308', 1, '2017-04-21'),
(3, '2017-04-27', 'Артём', 'Гордеевская 18 23', '89867688308', 1, '2017-04-27'),
(4, '2017-04-27', 'Артём', 'Гордеевская 18 23', '89867688308', 0, '2017-04-27'),
(5, '2017-04-27', 'Артём', 'Гордеевская 18 23', '89867688308', 0, '2017-04-27'),
(6, '2022-05-02', 'Артём', 'Гордеевская 18', '+7986768830', 0, '2022-05-02');

-- --------------------------------------------------------

--
-- Структура таблицы `zakaztovar`
--

CREATE TABLE IF NOT EXISTS `zakaztovar` (
  `idZ` int(11) NOT NULL,
  `idT` int(11) NOT NULL,
  `kolvo` int(11) NOT NULL,
  `pricePok` int(11) NOT NULL
) ENGINE=InnoDB DEFAULT CHARSET=utf8;

--
-- Дамп данных таблицы `zakaztovar`
--

INSERT INTO `zakaztovar` (`idZ`, `idT`, `kolvo`, `pricePok`) VALUES
(2, 6, 1, 250),
(3, 53, 1, 3790),
(3, 64, 4, 600),
(3, 68, 1, 1040),
(3, 75, 1, 450),
(6, 33, 1, 250);

/*!40101 SET CHARACTER_SET_CLIENT=@OLD_CHARACTER_SET_CLIENT */;
/*!40101 SET CHARACTER_SET_RESULTS=@OLD_CHARACTER_SET_RESULTS */;
/*!40101 SET COLLATION_CONNECTION=@OLD_COLLATION_CONNECTION */;
